{"v":"5.7.4","fr":30,"ip":0,"op":150,"w":850,"h":300,"nm":"Ornament-032","ddd":0,"assets":[],"layers":[{"ddd":0,"ind":1,"ty":4,"nm":"Layer 2/Ornaments_Vector Outlines 18","sr":1,"ks":{"o":{"a":0,"k":100,"ix":11},"r":{"a":0,"k":0,"ix":10},"p":{"a":0,"k":[56.3,148.443,0],"ix":2,"l":2},"a":{"a":0,"k":[909.791,11.527,0],"ix":1,"l":2},"s":{"a":1,"k":[{"i":{"x":[0.667,0.667,0.667],"y":[1,1,1]},"o":{"x":[0.167,0.167,0.167],"y":[0.167,0.167,0]},"t":56.057,"s":[0,0,100]},{"t":69.069238183496,"s":[-66,66,100]}],"ix":6,"l":2}},"ao":0,"shapes":[{"ty":"gr","it":[{"ind":0,"ty":"sh","ix":1,"ks":{"a":0,"k":{"i":[[-8.196,0],[0,0],[5.964,0]],"o":[[5.965,0],[0,0],[-8.199,0]],"v":[[-6.344,-5.928],[12.01,0.002],[-6.344,5.928]],"c":true},"ix":2},"nm":"Path 1","mn":"ADBE Vector Shape - Group","hd":false},{"ind":1,"ty":"sh","ix":2,"ks":{"a":0,"k":{"i":[[10.139,0],[1.334,-3.49],[0,0],[0,0],[0,0],[-5.31,0],[0,0]],"o":[[-5.169,0],[0,0],[0,0],[0,0],[1.262,3.623],[10.139,0],[0,0]],"v":[[-10.616,-10.076],[-20.367,-3.812],[-20.585,-3.812],[-20.585,3.526],[-20.472,3.526],[-10.616,10.076],[20.585,0.002]],"c":true},"ix":2},"nm":"Path 2","mn":"ADBE Vector Shape - Group","hd":false},{"ty":"mm","mm":1,"nm":"Merge Paths 1","mn":"ADBE Vector Filter - Merge","hd":false},{"ty":"fl","c":{"a":0,"k":[0.5411764705882353,0.6588235294117647,0.6,1],"ix":4},"o":{"a":0,"k":100,"ix":5},"r":1,"bm":0,"nm":"Fill 1","mn":"ADBE Vector Graphic - Fill","hd":false},{"ty":"tr","p":{"a":0,"k":[930.488,11.257],"ix":2},"a":{"a":0,"k":[0,0],"ix":1},"s":{"a":0,"k":[100,100],"ix":3},"r":{"a":0,"k":0,"ix":6},"o":{"a":0,"k":100,"ix":7},"sk":{"a":0,"k":0,"ix":4},"sa":{"a":0,"k":0,"ix":5},"nm":"Transform"}],"nm":"Group 15","np":4,"cix":2,"bm":0,"ix":1,"mn":"ADBE Vector Group","hd":false}],"ip":56.0560560560561,"op":150.15015015015,"st":-4.004004004004,"bm":0},{"ddd":0,"ind":2,"ty":4,"nm":"Layer 2/Ornaments_Vector Outlines 17","sr":1,"ks":{"o":{"a":0,"k":100,"ix":11},"r":{"a":0,"k":0,"ix":10},"p":{"a":0,"k":[150.9,147.997,0],"ix":2,"l":2},"a":{"a":0,"k":[160.341,10.291,0],"ix":1,"l":2},"s":{"a":0,"k":[80.08,28.6,100],"ix":6,"l":2}},"ao":0,"shapes":[{"ty":"gr","it":[{"ind":0,"ty":"sh","ix":1,"ks":{"a":0,"k":{"i":[[0,0],[0,0],[0,0],[0,0]],"o":[[0,0],[0,0],[0,0],[0,0]],"v":[[-652.561,-4.292],[-420.196,-4.292],[-420.196,-11.63],[-652.561,-11.63]],"c":true},"ix":2},"nm":"Path 1","mn":"ADBE Vector Shape - Group","hd":false},{"ty":"fl","c":{"a":0,"k":[0.5411764705882353,0.6588235294117647,0.6,1],"ix":4},"o":{"a":0,"k":100,"ix":5},"r":1,"bm":0,"nm":"Fill 1","mn":"ADBE Vector Graphic - Fill","hd":false},{"ty":"tr","p":{"a":0,"k":[696.693,19.064],"ix":2},"a":{"a":0,"k":[0,0],"ix":1},"s":{"a":0,"k":[100,100],"ix":3},"r":{"a":0,"k":0,"ix":6},"o":{"a":0,"k":100,"ix":7},"sk":{"a":0,"k":0,"ix":4},"sa":{"a":0,"k":0,"ix":5},"nm":"Transform"}],"nm":"Group 3","np":2,"cix":2,"bm":0,"ix":1,"mn":"ADBE Vector Group","hd":false},{"ty":"tm","s":{"a":1,"k":[{"i":{"x":[0.1],"y":[1]},"o":{"x":[0.333],"y":[0]},"t":50.05,"s":[49.65]},{"t":60.060546875,"s":[0]}],"ix":1},"e":{"a":1,"k":[{"i":{"x":[0.1],"y":[1]},"o":{"x":[0.333],"y":[0]},"t":50.05,"s":[49.65]},{"t":60.060546875,"s":[100]}],"ix":2},"o":{"a":0,"k":0,"ix":3},"m":1,"ix":2,"nm":"Trim Paths 1","mn":"ADBE Vector Filter - Trim","hd":false}],"ip":50.05005005005,"op":150.15015015015,"st":0,"bm":0},{"ddd":0,"ind":3,"ty":4,"nm":"Layer 2/Ornaments_Vector Outlines 16","sr":1,"ks":{"o":{"a":0,"k":100,"ix":11},"r":{"a":0,"k":0,"ix":10},"p":{"a":0,"k":[253.97,148.144,0],"ix":2,"l":2},"a":{"a":0,"k":[665.148,10.772,0],"ix":1,"l":2},"s":{"a":1,"k":[{"i":{"x":[0.833,0.833,0.833],"y":[0.833,0.833,0.833]},"o":{"x":[0.167,0.167,0.167],"y":[0.167,0.167,0.167]},"t":43.043,"s":[0,0,100]},{"t":50.050195703516,"s":[-70.4,70.4,100]}],"ix":6,"x":"var $bm_rt;\nvar n, n, t, t, v, amp, freq, decay;\n$bm_rt = n = 0;\nif (numKeys > 0) {\n    $bm_rt = n = nearestKey(time).index;\n    if (key(n).time > time) {\n        n--;\n    }\n}\nif (n == 0) {\n    $bm_rt = t = 0;\n} else {\n    $bm_rt = t = $bm_sub(time, key(n).time);\n}\nif (n > 0) {\n    v = velocityAtTime($bm_sub(key(n).time, $bm_div(thisComp.frameDuration, 10)));\n    amp = 0.06;\n    freq = 1;\n    decay = 5;\n    $bm_rt = $bm_sum(value, $bm_div($bm_mul($bm_mul(v, amp), Math.sin($bm_mul($bm_mul($bm_mul(freq, t), 2), Math.PI))), Math.exp($bm_mul(decay, t))));\n} else {\n    $bm_rt = value;\n}","l":2}},"ao":0,"shapes":[{"ty":"gr","it":[{"ind":0,"ty":"sh","ix":1,"ks":{"a":0,"k":{"i":[[2.404,-0.001],[0,2.403],[-2.406,0],[0,-2.406]],"o":[[-2.406,0],[0,-2.406],[2.404,0.001],[0,2.403]],"v":[[0.002,4.356],[-4.356,0.001],[0.002,-4.355],[4.355,0.001]],"c":true},"ix":2},"nm":"Path 1","mn":"ADBE Vector Shape - Group","hd":false},{"ind":1,"ty":"sh","ix":2,"ks":{"a":0,"k":{"i":[[4.144,0.003],[0,-4.146],[-4.147,0],[0,4.144]],"o":[[-4.147,0],[0,4.144],[4.144,-0.003],[0,-4.146]],"v":[[0.003,-7.509],[-7.508,0.001],[0.003,7.509],[7.508,0.001]],"c":true},"ix":2},"nm":"Path 2","mn":"ADBE Vector Shape - Group","hd":false},{"ty":"mm","mm":1,"nm":"Merge Paths 1","mn":"ADBE Vector Filter - Merge","hd":false},{"ty":"fl","c":{"a":0,"k":[0.5411764705882353,0.6588235294117647,0.6,1],"ix":4},"o":{"a":0,"k":100,"ix":5},"r":1,"bm":0,"nm":"Fill 1","mn":"ADBE Vector Graphic - Fill","hd":false},{"ty":"tr","p":{"a":0,"k":[665.12,10.893],"ix":2},"a":{"a":0,"k":[0,0],"ix":1},"s":{"a":0,"k":[100,100],"ix":3},"r":{"a":0,"k":0,"ix":6},"o":{"a":0,"k":100,"ix":7},"sk":{"a":0,"k":0,"ix":4},"sa":{"a":0,"k":0,"ix":5},"nm":"Transform"}],"nm":"Group 6","np":4,"cix":2,"bm":0,"ix":1,"mn":"ADBE Vector Group","hd":false}],"ip":43.043043043043,"op":150.15015015015,"st":16.016016016016,"bm":0},{"ddd":0,"ind":4,"ty":4,"nm":"Layer 2/Ornaments_Vector Outlines 15","sr":1,"ks":{"o":{"a":0,"k":100,"ix":11},"r":{"a":0,"k":0,"ix":10},"p":{"a":0,"k":[273.009,148.289,0],"ix":2,"l":2},"a":{"a":0,"k":[641.385,10.978,0],"ix":1,"l":2},"s":{"a":1,"k":[{"i":{"x":[0.833,0.833,0.833],"y":[0.833,0.833,0.833]},"o":{"x":[0.167,0.167,0.167],"y":[0.167,0.167,0.167]},"t":38.038,"s":[0,0,100]},{"t":45.045190698511,"s":[-70.4,70.4,100]}],"ix":6,"x":"var $bm_rt;\nvar n, n, t, t, v, amp, freq, decay;\n$bm_rt = n = 0;\nif (numKeys > 0) {\n    $bm_rt = n = nearestKey(time).index;\n    if (key(n).time > time) {\n        n--;\n    }\n}\nif (n == 0) {\n    $bm_rt = t = 0;\n} else {\n    $bm_rt = t = $bm_sub(time, key(n).time);\n}\nif (n > 0) {\n    v = velocityAtTime($bm_sub(key(n).time, $bm_div(thisComp.frameDuration, 10)));\n    amp = 0.06;\n    freq = 1;\n    decay = 5;\n    $bm_rt = $bm_sum(value, $bm_div($bm_mul($bm_mul(v, amp), Math.sin($bm_mul($bm_mul($bm_mul(freq, t), 2), Math.PI))), Math.exp($bm_mul(decay, t))));\n} else {\n    $bm_rt = value;\n}","l":2}},"ao":0,"shapes":[{"ty":"gr","it":[{"ind":0,"ty":"sh","ix":1,"ks":{"a":0,"k":{"i":[[2.717,0],[0,2.717],[-2.719,0],[0,-2.718]],"o":[[-2.72,0],[0,-2.718],[2.715,0],[0,2.717]],"v":[[0.003,4.919],[-4.92,-0.001],[0.003,-4.92],[4.919,-0.001]],"c":true},"ix":2},"nm":"Path 1","mn":"ADBE Vector Shape - Group","hd":false},{"ind":1,"ty":"sh","ix":2,"ks":{"a":0,"k":{"i":[[4.408,0],[0,-4.412],[-4.415,0],[0,4.409]],"o":[[-4.413,0],[0,4.409],[4.41,0],[0,-4.412]],"v":[[0.003,-7.986],[-7.986,-0.001],[0.003,7.986],[7.985,-0.001]],"c":true},"ix":2},"nm":"Path 2","mn":"ADBE Vector Shape - Group","hd":false},{"ty":"mm","mm":1,"nm":"Merge Paths 1","mn":"ADBE Vector Filter - Merge","hd":false},{"ty":"fl","c":{"a":0,"k":[0.5411764705882353,0.6588235294117647,0.6,1],"ix":4},"o":{"a":0,"k":100,"ix":5},"r":1,"bm":0,"nm":"Fill 1","mn":"ADBE Vector Graphic - Fill","hd":false},{"ty":"tr","p":{"a":0,"k":[641.403,10.893],"ix":2},"a":{"a":0,"k":[0,0],"ix":1},"s":{"a":0,"k":[100,100],"ix":3},"r":{"a":0,"k":0,"ix":6},"o":{"a":0,"k":100,"ix":7},"sk":{"a":0,"k":0,"ix":4},"sa":{"a":0,"k":0,"ix":5},"nm":"Transform"}],"nm":"Group 7","np":4,"cix":2,"bm":0,"ix":1,"mn":"ADBE Vector Group","hd":false}],"ip":38.038038038038,"op":150.15015015015,"st":11.011011011011,"bm":0},{"ddd":0,"ind":5,"ty":4,"nm":"Layer 2/Ornaments_Vector Outlines 14","sr":1,"ks":{"o":{"a":0,"k":100,"ix":11},"r":{"a":0,"k":0,"ix":10},"p":{"a":0,"k":[292.338,147.806,0],"ix":2,"l":2},"a":{"a":0,"k":[617.209,10.291,0],"ix":1,"l":2},"s":{"a":1,"k":[{"i":{"x":[0.833,0.833,0.833],"y":[0.833,0.833,0.833]},"o":{"x":[0.167,0.167,0.167],"y":[0.167,0.167,0.167]},"t":32.032,"s":[0,0,100]},{"t":39.039184692505,"s":[-70.4,70.4,100]}],"ix":6,"x":"var $bm_rt;\nvar n, n, t, t, v, amp, freq, decay;\n$bm_rt = n = 0;\nif (numKeys > 0) {\n    $bm_rt = n = nearestKey(time).index;\n    if (key(n).time > time) {\n        n--;\n    }\n}\nif (n == 0) {\n    $bm_rt = t = 0;\n} else {\n    $bm_rt = t = $bm_sub(time, key(n).time);\n}\nif (n > 0) {\n    v = velocityAtTime($bm_sub(key(n).time, $bm_div(thisComp.frameDuration, 10)));\n    amp = 0.06;\n    freq = 1;\n    decay = 5;\n    $bm_rt = $bm_sum(value, $bm_div($bm_mul($bm_mul(v, amp), Math.sin($bm_mul($bm_mul($bm_mul(freq, t), 2), Math.PI))), Math.exp($bm_mul(decay, t))));\n} else {\n    $bm_rt = value;\n}","l":2}},"ao":0,"shapes":[{"ty":"gr","it":[{"ind":0,"ty":"sh","ix":1,"ks":{"a":0,"k":{"i":[[3.468,-0.001],[0.001,3.467],[-3.469,0],[0.001,-3.467]],"o":[[-3.469,0],[0,-3.467],[3.468,0.002],[0,3.467]],"v":[[-0.001,6.279],[-6.279,0.001],[-0.001,-6.279],[6.277,0.001]],"c":true},"ix":2},"nm":"Path 1","mn":"ADBE Vector Shape - Group","hd":false},{"ind":1,"ty":"sh","ix":2,"ks":{"a":0,"k":{"i":[[5.208,0.002],[0,-5.206],[-5.21,0],[0,5.207]],"o":[[-5.21,0],[0.002,5.207],[5.208,-0.002],[0.002,-5.206]],"v":[[-0.001,-9.429],[-9.429,0.001],[-0.001,9.429],[9.427,0.001]],"c":true},"ix":2},"nm":"Path 2","mn":"ADBE Vector Shape - Group","hd":false},{"ty":"mm","mm":1,"nm":"Merge Paths 1","mn":"ADBE Vector Filter - Merge","hd":false},{"ty":"fl","c":{"a":0,"k":[0.5411764705882353,0.6588235294117647,0.6,1],"ix":4},"o":{"a":0,"k":100,"ix":5},"r":1,"bm":0,"nm":"Fill 1","mn":"ADBE Vector Graphic - Fill","hd":false},{"ty":"tr","p":{"a":0,"k":[617.687,10.893],"ix":2},"a":{"a":0,"k":[0,0],"ix":1},"s":{"a":0,"k":[100,100],"ix":3},"r":{"a":0,"k":0,"ix":6},"o":{"a":0,"k":100,"ix":7},"sk":{"a":0,"k":0,"ix":4},"sa":{"a":0,"k":0,"ix":5},"nm":"Transform"}],"nm":"Group 5","np":4,"cix":2,"bm":0,"ix":1,"mn":"ADBE Vector Group","hd":false}],"ip":32.032032032032,"op":150.15015015015,"st":5.00500500500501,"bm":0},{"ddd":0,"ind":6,"ty":4,"nm":"Layer 2/Ornaments_Vector Outlines 13","sr":1,"ks":{"o":{"a":0,"k":100,"ix":11},"r":{"a":0,"k":0,"ix":10},"p":{"a":0,"k":[311.28,147.806,0],"ix":2,"l":2},"a":{"a":0,"k":[593.582,10.291,0],"ix":1,"l":2},"s":{"a":1,"k":[{"i":{"x":[0.833,0.833,0.833],"y":[0.833,0.833,0.833]},"o":{"x":[0.167,0.167,0.167],"y":[0.167,0.167,0.167]},"t":27.027,"s":[0,0,100]},{"t":34.0341796875,"s":[-70.4,70.4,100]}],"ix":6,"x":"var $bm_rt;\nvar n, n, t, t, v, amp, freq, decay;\n$bm_rt = n = 0;\nif (numKeys > 0) {\n    $bm_rt = n = nearestKey(time).index;\n    if (key(n).time > time) {\n        n--;\n    }\n}\nif (n == 0) {\n    $bm_rt = t = 0;\n} else {\n    $bm_rt = t = $bm_sub(time, key(n).time);\n}\nif (n > 0) {\n    v = velocityAtTime($bm_sub(key(n).time, $bm_div(thisComp.frameDuration, 10)));\n    amp = 0.06;\n    freq = 1;\n    decay = 5;\n    $bm_rt = $bm_sum(value, $bm_div($bm_mul($bm_mul(v, amp), Math.sin($bm_mul($bm_mul($bm_mul(freq, t), 2), Math.PI))), Math.exp($bm_mul(decay, t))));\n} else {\n    $bm_rt = value;\n}","l":2}},"ao":0,"shapes":[{"ty":"gr","it":[{"ind":0,"ty":"sh","ix":1,"ks":{"a":0,"k":{"i":[[4.147,0],[0,4.144],[-4.145,0],[0,-4.146]],"o":[[-4.146,0],[0,-4.146],[4.147,0],[0,4.145]],"v":[[-0.002,7.507],[-7.508,0.001],[-0.002,-7.507],[7.507,0.001]],"c":true},"ix":2},"nm":"Path 1","mn":"ADBE Vector Shape - Group","hd":false},{"ind":1,"ty":"sh","ix":2,"ks":{"a":0,"k":{"i":[[5.878,0],[0,-5.877],[-5.877,0],[0,5.876]],"o":[[-5.875,0],[0,5.875],[5.878,0],[0,-5.877]],"v":[[-0.002,-10.642],[-10.642,0.001],[-0.002,10.642],[10.642,0.001]],"c":true},"ix":2},"nm":"Path 2","mn":"ADBE Vector Shape - Group","hd":false},{"ty":"mm","mm":1,"nm":"Merge Paths 1","mn":"ADBE Vector Filter - Merge","hd":false},{"ty":"fl","c":{"a":0,"k":[0.5411764705882353,0.6588235294117647,0.6,1],"ix":4},"o":{"a":0,"k":100,"ix":5},"r":1,"bm":0,"nm":"Fill 1","mn":"ADBE Vector Graphic - Fill","hd":false},{"ty":"tr","p":{"a":0,"k":[593.969,10.893],"ix":2},"a":{"a":0,"k":[0,0],"ix":1},"s":{"a":0,"k":[100,100],"ix":3},"r":{"a":0,"k":0,"ix":6},"o":{"a":0,"k":100,"ix":7},"sk":{"a":0,"k":0,"ix":4},"sa":{"a":0,"k":0,"ix":5},"nm":"Transform"}],"nm":"Group 8","np":4,"cix":2,"bm":0,"ix":1,"mn":"ADBE Vector Group","hd":false}],"ip":27.027027027027,"op":150.15015015015,"st":0,"bm":0},{"ddd":0,"ind":7,"ty":4,"nm":"Layer 2/Ornaments_Vector Outlines 9","sr":1,"ks":{"o":{"a":0,"k":100,"ix":11},"r":{"a":0,"k":0,"ix":10},"p":{"a":0,"k":[793.7,148.443,0],"ix":2,"l":2},"a":{"a":0,"k":[909.791,11.527,0],"ix":1,"l":2},"s":{"a":1,"k":[{"i":{"x":[0.667,0.667,0.667],"y":[1,1,1]},"o":{"x":[0.167,0.167,0.167],"y":[0.167,0.167,0]},"t":56.057,"s":[0,0,100]},{"t":69.069238183496,"s":[66,66,100]}],"ix":6,"l":2}},"ao":0,"shapes":[{"ty":"gr","it":[{"ind":0,"ty":"sh","ix":1,"ks":{"a":0,"k":{"i":[[-8.196,0],[0,0],[5.964,0]],"o":[[5.965,0],[0,0],[-8.199,0]],"v":[[-6.344,-5.928],[12.01,0.002],[-6.344,5.928]],"c":true},"ix":2},"nm":"Path 1","mn":"ADBE Vector Shape - Group","hd":false},{"ind":1,"ty":"sh","ix":2,"ks":{"a":0,"k":{"i":[[10.139,0],[1.334,-3.49],[0,0],[0,0],[0,0],[-5.31,0],[0,0]],"o":[[-5.169,0],[0,0],[0,0],[0,0],[1.262,3.623],[10.139,0],[0,0]],"v":[[-10.616,-10.076],[-20.367,-3.812],[-20.585,-3.812],[-20.585,3.526],[-20.472,3.526],[-10.616,10.076],[20.585,0.002]],"c":true},"ix":2},"nm":"Path 2","mn":"ADBE Vector Shape - Group","hd":false},{"ty":"mm","mm":1,"nm":"Merge Paths 1","mn":"ADBE Vector Filter - Merge","hd":false},{"ty":"fl","c":{"a":0,"k":[0.5411764705882353,0.6588235294117647,0.6,1],"ix":4},"o":{"a":0,"k":100,"ix":5},"r":1,"bm":0,"nm":"Fill 1","mn":"ADBE Vector Graphic - Fill","hd":false},{"ty":"tr","p":{"a":0,"k":[930.488,11.257],"ix":2},"a":{"a":0,"k":[0,0],"ix":1},"s":{"a":0,"k":[100,100],"ix":3},"r":{"a":0,"k":0,"ix":6},"o":{"a":0,"k":100,"ix":7},"sk":{"a":0,"k":0,"ix":4},"sa":{"a":0,"k":0,"ix":5},"nm":"Transform"}],"nm":"Group 15","np":4,"cix":2,"bm":0,"ix":1,"mn":"ADBE Vector Group","hd":false}],"ip":56.0560560560561,"op":150.15015015015,"st":-4.004004004004,"bm":0},{"ddd":0,"ind":8,"ty":4,"nm":"Layer 2/Ornaments_Vector Outlines 10","sr":1,"ks":{"o":{"a":0,"k":100,"ix":11},"r":{"a":0,"k":0,"ix":10},"p":{"a":0,"k":[699.1,147.997,0],"ix":2,"l":2},"a":{"a":0,"k":[160.341,10.291,0],"ix":1,"l":2},"s":{"a":0,"k":[-80.08,28.6,100],"ix":6,"l":2}},"ao":0,"shapes":[{"ty":"gr","it":[{"ind":0,"ty":"sh","ix":1,"ks":{"a":0,"k":{"i":[[0,0],[0,0],[0,0],[0,0]],"o":[[0,0],[0,0],[0,0],[0,0]],"v":[[-652.561,-4.292],[-420.196,-4.292],[-420.196,-11.63],[-652.561,-11.63]],"c":true},"ix":2},"nm":"Path 1","mn":"ADBE Vector Shape - Group","hd":false},{"ty":"fl","c":{"a":0,"k":[0.5411764705882353,0.6588235294117647,0.6,1],"ix":4},"o":{"a":0,"k":100,"ix":5},"r":1,"bm":0,"nm":"Fill 1","mn":"ADBE Vector Graphic - Fill","hd":false},{"ty":"tr","p":{"a":0,"k":[696.693,19.064],"ix":2},"a":{"a":0,"k":[0,0],"ix":1},"s":{"a":0,"k":[100,100],"ix":3},"r":{"a":0,"k":0,"ix":6},"o":{"a":0,"k":100,"ix":7},"sk":{"a":0,"k":0,"ix":4},"sa":{"a":0,"k":0,"ix":5},"nm":"Transform"}],"nm":"Group 3","np":2,"cix":2,"bm":0,"ix":1,"mn":"ADBE Vector Group","hd":false},{"ty":"tm","s":{"a":1,"k":[{"i":{"x":[0.1],"y":[1]},"o":{"x":[0.333],"y":[0]},"t":50.05,"s":[49.65]},{"t":60.060546875,"s":[0]}],"ix":1},"e":{"a":1,"k":[{"i":{"x":[0.1],"y":[1]},"o":{"x":[0.333],"y":[0]},"t":50.05,"s":[49.65]},{"t":60.060546875,"s":[100]}],"ix":2},"o":{"a":0,"k":0,"ix":3},"m":1,"ix":2,"nm":"Trim Paths 1","mn":"ADBE Vector Filter - Trim","hd":false}],"ip":50.05005005005,"op":150.15015015015,"st":0,"bm":0},{"ddd":0,"ind":9,"ty":4,"nm":"Layer 2/Ornaments_Vector Outlines 5","sr":1,"ks":{"o":{"a":0,"k":100,"ix":11},"r":{"a":0,"k":0,"ix":10},"p":{"a":0,"k":[596.03,148.144,0],"ix":2,"l":2},"a":{"a":0,"k":[665.148,10.772,0],"ix":1,"l":2},"s":{"a":1,"k":[{"i":{"x":[0.833,0.833,0.833],"y":[0.833,0.833,0.833]},"o":{"x":[0.167,0.167,0.167],"y":[0.167,0.167,0.167]},"t":43.043,"s":[0,0,100]},{"t":50.050195703516,"s":[70.4,70.4,100]}],"ix":6,"x":"var $bm_rt;\nvar n, n, t, t, v, amp, freq, decay;\n$bm_rt = n = 0;\nif (numKeys > 0) {\n    $bm_rt = n = nearestKey(time).index;\n    if (key(n).time > time) {\n        n--;\n    }\n}\nif (n == 0) {\n    $bm_rt = t = 0;\n} else {\n    $bm_rt = t = $bm_sub(time, key(n).time);\n}\nif (n > 0) {\n    v = velocityAtTime($bm_sub(key(n).time, $bm_div(thisComp.frameDuration, 10)));\n    amp = 0.06;\n    freq = 1;\n    decay = 5;\n    $bm_rt = $bm_sum(value, $bm_div($bm_mul($bm_mul(v, amp), Math.sin($bm_mul($bm_mul($bm_mul(freq, t), 2), Math.PI))), Math.exp($bm_mul(decay, t))));\n} else {\n    $bm_rt = value;\n}","l":2}},"ao":0,"shapes":[{"ty":"gr","it":[{"ind":0,"ty":"sh","ix":1,"ks":{"a":0,"k":{"i":[[2.404,-0.001],[0,2.403],[-2.406,0],[0,-2.406]],"o":[[-2.406,0],[0,-2.406],[2.404,0.001],[0,2.403]],"v":[[0.002,4.356],[-4.356,0.001],[0.002,-4.355],[4.355,0.001]],"c":true},"ix":2},"nm":"Path 1","mn":"ADBE Vector Shape - Group","hd":false},{"ind":1,"ty":"sh","ix":2,"ks":{"a":0,"k":{"i":[[4.144,0.003],[0,-4.146],[-4.147,0],[0,4.144]],"o":[[-4.147,0],[0,4.144],[4.144,-0.003],[0,-4.146]],"v":[[0.003,-7.509],[-7.508,0.001],[0.003,7.509],[7.508,0.001]],"c":true},"ix":2},"nm":"Path 2","mn":"ADBE Vector Shape - Group","hd":false},{"ty":"mm","mm":1,"nm":"Merge Paths 1","mn":"ADBE Vector Filter - Merge","hd":false},{"ty":"fl","c":{"a":0,"k":[0.5411764705882353,0.6588235294117647,0.6,1],"ix":4},"o":{"a":0,"k":100,"ix":5},"r":1,"bm":0,"nm":"Fill 1","mn":"ADBE Vector Graphic - Fill","hd":false},{"ty":"tr","p":{"a":0,"k":[665.12,10.893],"ix":2},"a":{"a":0,"k":[0,0],"ix":1},"s":{"a":0,"k":[100,100],"ix":3},"r":{"a":0,"k":0,"ix":6},"o":{"a":0,"k":100,"ix":7},"sk":{"a":0,"k":0,"ix":4},"sa":{"a":0,"k":0,"ix":5},"nm":"Transform"}],"nm":"Group 6","np":4,"cix":2,"bm":0,"ix":1,"mn":"ADBE Vector Group","hd":false}],"ip":43.043043043043,"op":150.15015015015,"st":16.016016016016,"bm":0},{"ddd":0,"ind":10,"ty":4,"nm":"Layer 2/Ornaments_Vector Outlines 6","sr":1,"ks":{"o":{"a":0,"k":100,"ix":11},"r":{"a":0,"k":0,"ix":10},"p":{"a":0,"k":[576.991,148.289,0],"ix":2,"l":2},"a":{"a":0,"k":[641.385,10.978,0],"ix":1,"l":2},"s":{"a":1,"k":[{"i":{"x":[0.833,0.833,0.833],"y":[0.833,0.833,0.833]},"o":{"x":[0.167,0.167,0.167],"y":[0.167,0.167,0.167]},"t":38.038,"s":[0,0,100]},{"t":45.045190698511,"s":[70.4,70.4,100]}],"ix":6,"x":"var $bm_rt;\nvar n, n, t, t, v, amp, freq, decay;\n$bm_rt = n = 0;\nif (numKeys > 0) {\n    $bm_rt = n = nearestKey(time).index;\n    if (key(n).time > time) {\n        n--;\n    }\n}\nif (n == 0) {\n    $bm_rt = t = 0;\n} else {\n    $bm_rt = t = $bm_sub(time, key(n).time);\n}\nif (n > 0) {\n    v = velocityAtTime($bm_sub(key(n).time, $bm_div(thisComp.frameDuration, 10)));\n    amp = 0.06;\n    freq = 1;\n    decay = 5;\n    $bm_rt = $bm_sum(value, $bm_div($bm_mul($bm_mul(v, amp), Math.sin($bm_mul($bm_mul($bm_mul(freq, t), 2), Math.PI))), Math.exp($bm_mul(decay, t))));\n} else {\n    $bm_rt = value;\n}","l":2}},"ao":0,"shapes":[{"ty":"gr","it":[{"ind":0,"ty":"sh","ix":1,"ks":{"a":0,"k":{"i":[[2.717,0],[0,2.717],[-2.719,0],[0,-2.718]],"o":[[-2.72,0],[0,-2.718],[2.715,0],[0,2.717]],"v":[[0.003,4.919],[-4.92,-0.001],[0.003,-4.92],[4.919,-0.001]],"c":true},"ix":2},"nm":"Path 1","mn":"ADBE Vector Shape - Group","hd":false},{"ind":1,"ty":"sh","ix":2,"ks":{"a":0,"k":{"i":[[4.408,0],[0,-4.412],[-4.415,0],[0,4.409]],"o":[[-4.413,0],[0,4.409],[4.41,0],[0,-4.412]],"v":[[0.003,-7.986],[-7.986,-0.001],[0.003,7.986],[7.985,-0.001]],"c":true},"ix":2},"nm":"Path 2","mn":"ADBE Vector Shape - Group","hd":false},{"ty":"mm","mm":1,"nm":"Merge Paths 1","mn":"ADBE Vector Filter - Merge","hd":false},{"ty":"fl","c":{"a":0,"k":[0.5411764705882353,0.6588235294117647,0.6,1],"ix":4},"o":{"a":0,"k":100,"ix":5},"r":1,"bm":0,"nm":"Fill 1","mn":"ADBE Vector Graphic - Fill","hd":false},{"ty":"tr","p":{"a":0,"k":[641.403,10.893],"ix":2},"a":{"a":0,"k":[0,0],"ix":1},"s":{"a":0,"k":[100,100],"ix":3},"r":{"a":0,"k":0,"ix":6},"o":{"a":0,"k":100,"ix":7},"sk":{"a":0,"k":0,"ix":4},"sa":{"a":0,"k":0,"ix":5},"nm":"Transform"}],"nm":"Group 7","np":4,"cix":2,"bm":0,"ix":1,"mn":"ADBE Vector Group","hd":false}],"ip":38.038038038038,"op":150.15015015015,"st":11.011011011011,"bm":0},{"ddd":0,"ind":11,"ty":4,"nm":"Layer 2/Ornaments_Vector Outlines 4","sr":1,"ks":{"o":{"a":0,"k":100,"ix":11},"r":{"a":0,"k":0,"ix":10},"p":{"a":0,"k":[557.662,147.806,0],"ix":2,"l":2},"a":{"a":0,"k":[617.209,10.291,0],"ix":1,"l":2},"s":{"a":1,"k":[{"i":{"x":[0.833,0.833,0.833],"y":[0.833,0.833,0.833]},"o":{"x":[0.167,0.167,0.167],"y":[0.167,0.167,0.167]},"t":32.032,"s":[0,0,100]},{"t":39.039184692505,"s":[70.4,70.4,100]}],"ix":6,"x":"var $bm_rt;\nvar n, n, t, t, v, amp, freq, decay;\n$bm_rt = n = 0;\nif (numKeys > 0) {\n    $bm_rt = n = nearestKey(time).index;\n    if (key(n).time > time) {\n        n--;\n    }\n}\nif (n == 0) {\n    $bm_rt = t = 0;\n} else {\n    $bm_rt = t = $bm_sub(time, key(n).time);\n}\nif (n > 0) {\n    v = velocityAtTime($bm_sub(key(n).time, $bm_div(thisComp.frameDuration, 10)));\n    amp = 0.06;\n    freq = 1;\n    decay = 5;\n    $bm_rt = $bm_sum(value, $bm_div($bm_mul($bm_mul(v, amp), Math.sin($bm_mul($bm_mul($bm_mul(freq, t), 2), Math.PI))), Math.exp($bm_mul(decay, t))));\n} else {\n    $bm_rt = value;\n}","l":2}},"ao":0,"shapes":[{"ty":"gr","it":[{"ind":0,"ty":"sh","ix":1,"ks":{"a":0,"k":{"i":[[3.468,-0.001],[0.001,3.467],[-3.469,0],[0.001,-3.467]],"o":[[-3.469,0],[0,-3.467],[3.468,0.002],[0,3.467]],"v":[[-0.001,6.279],[-6.279,0.001],[-0.001,-6.279],[6.277,0.001]],"c":true},"ix":2},"nm":"Path 1","mn":"ADBE Vector Shape - Group","hd":false},{"ind":1,"ty":"sh","ix":2,"ks":{"a":0,"k":{"i":[[5.208,0.002],[0,-5.206],[-5.21,0],[0,5.207]],"o":[[-5.21,0],[0.002,5.207],[5.208,-0.002],[0.002,-5.206]],"v":[[-0.001,-9.429],[-9.429,0.001],[-0.001,9.429],[9.427,0.001]],"c":true},"ix":2},"nm":"Path 2","mn":"ADBE Vector Shape - Group","hd":false},{"ty":"mm","mm":1,"nm":"Merge Paths 1","mn":"ADBE Vector Filter - Merge","hd":false},{"ty":"fl","c":{"a":0,"k":[0.5411764705882353,0.6588235294117647,0.6,1],"ix":4},"o":{"a":0,"k":100,"ix":5},"r":1,"bm":0,"nm":"Fill 1","mn":"ADBE Vector Graphic - Fill","hd":false},{"ty":"tr","p":{"a":0,"k":[617.687,10.893],"ix":2},"a":{"a":0,"k":[0,0],"ix":1},"s":{"a":0,"k":[100,100],"ix":3},"r":{"a":0,"k":0,"ix":6},"o":{"a":0,"k":100,"ix":7},"sk":{"a":0,"k":0,"ix":4},"sa":{"a":0,"k":0,"ix":5},"nm":"Transform"}],"nm":"Group 5","np":4,"cix":2,"bm":0,"ix":1,"mn":"ADBE Vector Group","hd":false}],"ip":32.032032032032,"op":150.15015015015,"st":5.00500500500501,"bm":0},{"ddd":0,"ind":12,"ty":4,"nm":"Layer 2/Ornaments_Vector Outlines 7","sr":1,"ks":{"o":{"a":0,"k":100,"ix":11},"r":{"a":0,"k":0,"ix":10},"p":{"a":0,"k":[538.72,147.806,0],"ix":2,"l":2},"a":{"a":0,"k":[593.582,10.291,0],"ix":1,"l":2},"s":{"a":1,"k":[{"i":{"x":[0.833,0.833,0.833],"y":[0.833,0.833,0.833]},"o":{"x":[0.167,0.167,0.167],"y":[0.167,0.167,0.167]},"t":27.027,"s":[0,0,100]},{"t":34.0341796875,"s":[70.4,70.4,100]}],"ix":6,"x":"var $bm_rt;\nvar n, n, t, t, v, amp, freq, decay;\n$bm_rt = n = 0;\nif (numKeys > 0) {\n    $bm_rt = n = nearestKey(time).index;\n    if (key(n).time > time) {\n        n--;\n    }\n}\nif (n == 0) {\n    $bm_rt = t = 0;\n} else {\n    $bm_rt = t = $bm_sub(time, key(n).time);\n}\nif (n > 0) {\n    v = velocityAtTime($bm_sub(key(n).time, $bm_div(thisComp.frameDuration, 10)));\n    amp = 0.06;\n    freq = 1;\n    decay = 5;\n    $bm_rt = $bm_sum(value, $bm_div($bm_mul($bm_mul(v, amp), Math.sin($bm_mul($bm_mul($bm_mul(freq, t), 2), Math.PI))), Math.exp($bm_mul(decay, t))));\n} else {\n    $bm_rt = value;\n}","l":2}},"ao":0,"shapes":[{"ty":"gr","it":[{"ind":0,"ty":"sh","ix":1,"ks":{"a":0,"k":{"i":[[4.147,0],[0,4.144],[-4.145,0],[0,-4.146]],"o":[[-4.146,0],[0,-4.146],[4.147,0],[0,4.145]],"v":[[-0.002,7.507],[-7.508,0.001],[-0.002,-7.507],[7.507,0.001]],"c":true},"ix":2},"nm":"Path 1","mn":"ADBE Vector Shape - Group","hd":false},{"ind":1,"ty":"sh","ix":2,"ks":{"a":0,"k":{"i":[[5.878,0],[0,-5.877],[-5.877,0],[0,5.876]],"o":[[-5.875,0],[0,5.875],[5.878,0],[0,-5.877]],"v":[[-0.002,-10.642],[-10.642,0.001],[-0.002,10.642],[10.642,0.001]],"c":true},"ix":2},"nm":"Path 2","mn":"ADBE Vector Shape - Group","hd":false},{"ty":"mm","mm":1,"nm":"Merge Paths 1","mn":"ADBE Vector Filter - Merge","hd":false},{"ty":"fl","c":{"a":0,"k":[0.5411764705882353,0.6588235294117647,0.6,1],"ix":4},"o":{"a":0,"k":100,"ix":5},"r":1,"bm":0,"nm":"Fill 1","mn":"ADBE Vector Graphic - Fill","hd":false},{"ty":"tr","p":{"a":0,"k":[593.969,10.893],"ix":2},"a":{"a":0,"k":[0,0],"ix":1},"s":{"a":0,"k":[100,100],"ix":3},"r":{"a":0,"k":0,"ix":6},"o":{"a":0,"k":100,"ix":7},"sk":{"a":0,"k":0,"ix":4},"sa":{"a":0,"k":0,"ix":5},"nm":"Transform"}],"nm":"Group 8","np":4,"cix":2,"bm":0,"ix":1,"mn":"ADBE Vector Group","hd":false}],"ip":27.027027027027,"op":150.15015015015,"st":0,"bm":0},{"ddd":0,"ind":13,"ty":4,"nm":"Shape Layer 13","sr":1,"ks":{"o":{"a":0,"k":100,"ix":11},"r":{"a":0,"k":0,"ix":10},"p":{"a":1,"k":[{"i":{"x":0.833,"y":0.833},"o":{"x":0.167,"y":0.167},"t":26.026,"s":[425.459,107.435,0],"to":[0,-3.64,0],"ti":[0,3.64,0]},{"t":37.036768213526,"s":[425.459,85.595,0]}],"ix":2,"x":"var $bm_rt;\nvar n, n, t, t, v, amp, freq, decay;\n$bm_rt = n = 0;\nif (numKeys > 0) {\n    $bm_rt = n = nearestKey(time).index;\n    if (key(n).time > time) {\n        n--;\n    }\n}\nif (n == 0) {\n    $bm_rt = t = 0;\n} else {\n    $bm_rt = t = $bm_sub(time, key(n).time);\n}\nif (n > 0) {\n    v = velocityAtTime($bm_sub(key(n).time, $bm_div(thisComp.frameDuration, 10)));\n    amp = 0.06;\n    freq = 1;\n    decay = 5;\n    $bm_rt = $bm_sum(value, $bm_div($bm_mul($bm_mul(v, amp), Math.sin($bm_mul($bm_mul($bm_mul(freq, t), 2), Math.PI))), Math.exp($bm_mul(decay, t))));\n} else {\n    $bm_rt = value;\n}","l":2},"a":{"a":0,"k":[0,0,0],"ix":1,"l":2},"s":{"a":1,"k":[{"i":{"x":[0.833,0.833,0.833],"y":[0.833,0.833,0.833]},"o":{"x":[0.167,0.167,0.167],"y":[0.167,0.167,0.167]},"t":26.026,"s":[0,0,100]},{"t":33.032861963526,"s":[2.692,2.692,100]}],"ix":6,"x":"var $bm_rt;\nvar n, n, t, t, v, amp, freq, decay;\n$bm_rt = n = 0;\nif (numKeys > 0) {\n    $bm_rt = n = nearestKey(time).index;\n    if (key(n).time > time) {\n        n--;\n    }\n}\nif (n == 0) {\n    $bm_rt = t = 0;\n} else {\n    $bm_rt = t = $bm_sub(time, key(n).time);\n}\nif (n > 0) {\n    v = velocityAtTime($bm_sub(key(n).time, $bm_div(thisComp.frameDuration, 10)));\n    amp = 0.06;\n    freq = 1;\n    decay = 5;\n    $bm_rt = $bm_sum(value, $bm_div($bm_mul($bm_mul(v, amp), Math.sin($bm_mul($bm_mul($bm_mul(freq, t), 2), Math.PI))), Math.exp($bm_mul(decay, t))));\n} else {\n    $bm_rt = value;\n}","l":2}},"ao":0,"shapes":[{"d":1,"ty":"el","s":{"a":0,"k":[100,100],"ix":2},"p":{"a":0,"k":[0,0],"ix":3},"nm":"Ellipse Path 1","mn":"ADBE Vector Shape - Ellipse","hd":false},{"ty":"fl","c":{"a":0,"k":[0.5411764705882353,0.6588235294117647,0.6,1],"ix":4},"o":{"a":0,"k":100,"ix":5},"r":1,"bm":0,"nm":"Fill 1","mn":"ADBE Vector Graphic - Fill","hd":false}],"ip":26.026026026026,"op":150.15015015015,"st":26.026026026026,"bm":0},{"ddd":0,"ind":14,"ty":4,"nm":"Shape Layer 12","sr":1,"ks":{"o":{"a":0,"k":100,"ix":11},"r":{"a":0,"k":180,"ix":10},"p":{"a":0,"k":[425.452,112.934,0],"ix":2,"l":2},"a":{"a":0,"k":[0.273,-269.409,0],"ix":1,"l":2},"s":{"a":1,"k":[{"i":{"x":[0.833,0.833,0.833],"y":[0.833,0.833,0.833]},"o":{"x":[0.167,0.167,0.167],"y":[0.167,0.167,0.167]},"t":30.03,"s":[0,0,100]},{"t":39.038794654029,"s":[4.225,4.225,100]}],"ix":6,"x":"var $bm_rt;\nvar n, n, t, t, v, amp, freq, decay;\n$bm_rt = n = 0;\nif (numKeys > 0) {\n    $bm_rt = n = nearestKey(time).index;\n    if (key(n).time > time) {\n        n--;\n    }\n}\nif (n == 0) {\n    $bm_rt = t = 0;\n} else {\n    $bm_rt = t = $bm_sub(time, key(n).time);\n}\nif (n > 0) {\n    v = velocityAtTime($bm_sub(key(n).time, $bm_div(thisComp.frameDuration, 10)));\n    amp = 0.06;\n    freq = 1;\n    decay = 5;\n    $bm_rt = $bm_sum(value, $bm_div($bm_mul($bm_mul(v, amp), Math.sin($bm_mul($bm_mul($bm_mul(freq, t), 2), Math.PI))), Math.exp($bm_mul(decay, t))));\n} else {\n    $bm_rt = value;\n}","l":2}},"ao":0,"shapes":[{"ind":0,"ty":"sh","ix":1,"ks":{"a":0,"k":{"i":[[-9.682,74.625],[17.897,38.772],[-10.486,69.4],[2.793,-4.201],[2.606,-6.108],[4.013,6.05],[-0.698,-4.655],[28.8,-64.188],[-5.166,-39.809],[-15.522,-70.983],[-4.306,-16.384],[-0.047,-0.094],[-0.246,-0.163],[-0.152,-0.058],[-0.244,0],[-0.221,0.081],[-0.115,0.094],[-0.128,0.279],[-0.036,0.116],[1.513,15.419]],"o":[[5.62,-43.368],[-28.184,-61.057],[0.709,-4.689],[-4.015,6.039],[-2.607,-6.108],[-2.816,-4.237],[10.974,72.74],[-16.151,36.015],[9.705,74.765],[-1.535,15.372],[0.023,0.116],[0.128,0.279],[0.126,0.083],[0.221,0.071],[0.233,0],[0.152,-0.047],[0.257,-0.152],[0.034,-0.094],[4.306,-16.373],[15.558,-70.9]],"v":[[87.699,31.145],[60.702,-90.898],[17.426,-273.905],[9.652,-277.186],[-0.227,-258.953],[-10.106,-277.186],[-17.88,-273.905],[-65.275,-82.147],[-88.153,31.145],[-5.534,232.677],[-1.949,280.224],[-1.774,280.458],[-1.273,281.119],[-0.866,281.305],[-0.227,281.423],[0.413,281.295],[0.809,281.108],[1.321,280.458],[1.496,280.224],[5.102,232.63]],"c":true},"ix":2},"nm":"Path 1","mn":"ADBE Vector Shape - Group","hd":false},{"ty":"st","c":{"a":0,"k":[0.5411764705882353,0.6588235294117647,0.6,1],"ix":3},"o":{"a":0,"k":100,"ix":4},"w":{"a":0,"k":25,"ix":5},"lc":2,"lj":1,"ml":4,"bm":0,"nm":"Stroke 1","mn":"ADBE Vector Graphic - Stroke","hd":false}],"ip":29.029029029029,"op":150.15015015015,"st":29.029029029029,"bm":0},{"ddd":0,"ind":15,"ty":4,"nm":"Shape Layer 17","sr":1,"ks":{"o":{"a":0,"k":100,"ix":11},"r":{"a":0,"k":-203.875,"ix":10},"p":{"a":0,"k":[363.06,171.623,0],"ix":2,"l":2},"a":{"a":0,"k":[5.39,-45.937,0],"ix":1,"l":2},"s":{"a":1,"k":[{"i":{"x":[0.833,0.833,0.833],"y":[0.833,0.833,0.833]},"o":{"x":[0.167,0.167,0.167],"y":[0.167,0.167,0.167]},"t":25.025,"s":[0,0,100]},{"t":32.031860962525,"s":[14.628,14.628,100]}],"ix":6,"x":"var $bm_rt;\nvar n, n, t, t, v, amp, freq, decay;\n$bm_rt = n = 0;\nif (numKeys > 0) {\n    $bm_rt = n = nearestKey(time).index;\n    if (key(n).time > time) {\n        n--;\n    }\n}\nif (n == 0) {\n    $bm_rt = t = 0;\n} else {\n    $bm_rt = t = $bm_sub(time, key(n).time);\n}\nif (n > 0) {\n    v = velocityAtTime($bm_sub(key(n).time, $bm_div(thisComp.frameDuration, 10)));\n    amp = 0.06;\n    freq = 1;\n    decay = 5;\n    $bm_rt = $bm_sum(value, $bm_div($bm_mul($bm_mul(v, amp), Math.sin($bm_mul($bm_mul($bm_mul(freq, t), 2), Math.PI))), Math.exp($bm_mul(decay, t))));\n} else {\n    $bm_rt = value;\n}","l":2}},"ao":0,"shapes":[{"ind":0,"ty":"sh","ix":1,"ks":{"a":0,"k":{"i":[[-19.136,1.441],[0.921,2.777],[9.757,-31.407],[-30.911,3.377],[21.365,17.376],[-24.252,-18.409],[-8.758,17.503],[-24.328,1.832]],"o":[[3.368,-0.254],[-31.833,0.701],[-8.255,26.571],[22.816,-2.493],[-24.235,-19.711],[-24.076,-4.742],[11.226,-22.435],[0.667,-0.05]],"v":[[36.911,-48.714],[38.07,-57.468],[-36.796,-4.345],[3.886,54.09],[23.686,8.229],[-6.948,43.571],[-23.78,-11.402],[36.911,-48.714]],"c":true},"ix":2},"nm":"Path 1","mn":"ADBE Vector Shape - Group","hd":false},{"ty":"fl","c":{"a":0,"k":[0.5411764705882353,0.6588235294117647,0.6,1],"ix":4},"o":{"a":0,"k":100,"ix":5},"r":1,"bm":0,"nm":"Fill 1","mn":"ADBE Vector Graphic - Fill","hd":false}],"ip":25.025025025025,"op":150.15015015015,"st":25.025025025025,"bm":0},{"ddd":0,"ind":16,"ty":4,"nm":"Shape Layer 16","sr":1,"ks":{"o":{"a":0,"k":100,"ix":11},"r":{"a":0,"k":-137.003,"ix":10},"p":{"a":0,"k":[422.158,128.931,0],"ix":2,"l":2},"a":{"a":0,"k":[466.478,-211.01,0],"ix":1,"l":2},"s":{"a":0,"k":[-2.778,2.778,100],"ix":6,"l":2}},"ao":0,"shapes":[{"ty":"gr","it":[{"ind":0,"ty":"sh","ix":1,"ks":{"a":0,"k":{"i":[[-5.149,3.47],[48.845,-46.105],[63.52,-40.507],[66.412,-23.088],[74.026,-2.22],[54.346,43.08],[4.648,4.583],[-63.394,6.386],[-67.29,24.816],[-56.12,32.137],[-58.538,43.264],[-55.913,39.842]],"o":[[-44.517,50.227],[-54.762,51.69],[-59.206,37.756],[-69.796,24.264],[-67.028,2.01],[-5.119,-4.058],[56.22,32.796],[71.462,-7.198],[60.703,-22.386],[63.189,-36.186],[55.214,-40.807],[5.057,-3.604]],"v":[[466.478,-211.51],[328.19,-65.513],[150.676,73.954],[-38.213,167.315],[-255.009,209.499],[-451.938,159.909],[-466.478,146.868],[-280.089,176.649],[-70.661,126.417],[104.628,43.675],[286.864,-76.594],[451.155,-200.927]],"c":true},"ix":2},"nm":"Path 1","mn":"ADBE Vector Shape - Group","hd":false},{"ty":"fl","c":{"a":0,"k":[0.5411764705882353,0.6588235294117647,0.6,1],"ix":4},"o":{"a":0,"k":100,"ix":5},"r":1,"bm":0,"nm":"Fill 1","mn":"ADBE Vector Graphic - Fill","hd":false},{"ty":"tr","p":{"a":0,"k":[0,-0.87],"ix":2},"a":{"a":0,"k":[0,-0.87],"ix":1},"s":{"a":0,"k":[100,100],"ix":3},"r":{"a":0,"k":0,"ix":6},"o":{"a":0,"k":100,"ix":7},"sk":{"a":0,"k":0,"ix":4},"sa":{"a":0,"k":0,"ix":5},"nm":"Transform"}],"nm":"Group 1","np":2,"cix":2,"bm":0,"ix":1,"mn":"ADBE Vector Group","hd":false},{"ty":"tm","s":{"a":1,"k":[{"i":{"x":[0.1],"y":[1]},"o":{"x":[0.333],"y":[0]},"t":14.014,"s":[49.65]},{"t":42.042358765015,"s":[0]}],"ix":1},"e":{"a":1,"k":[{"i":{"x":[0.1],"y":[1]},"o":{"x":[0.333],"y":[0]},"t":14.014,"s":[49.65]},{"t":42.042358765015,"s":[100]}],"ix":2},"o":{"a":0,"k":0,"ix":3},"m":1,"ix":2,"nm":"Trim Paths 1","mn":"ADBE Vector Filter - Trim","hd":false}],"ip":14.014014014014,"op":150.15015015015,"st":15.015015015015,"bm":0},{"ddd":0,"ind":17,"ty":4,"nm":"Shape Layer 15","sr":1,"ks":{"o":{"a":0,"k":100,"ix":11},"r":{"a":0,"k":0,"ix":10},"p":{"a":0,"k":[353.08,123.279,0],"ix":2,"l":2},"a":{"a":0,"k":[636.341,0.359,0],"ix":1,"l":2},"s":{"a":0,"k":[-7.426,7.426,100],"ix":6,"l":2}},"ao":0,"shapes":[{"ty":"gr","it":[{"ind":0,"ty":"sh","ix":1,"ks":{"a":0,"k":{"i":[[3.366,0.151],[-7.342,46.106],[-21.641,63.742],[-108.595,80.601],[-55.552,15.271],[-35.622,-29.167],[2.301,-31.907],[27.458,-14.323],[29.144,17.955],[5.713,13.877],[0.969,5.491],[-2.19,1.824],[-0.545,-1.945],[-2.921,-5.393],[-12.913,-5.39],[-22.834,20.224],[13.245,22.525],[28.302,1.19],[12.806,-2.017],[-0.479,0.079],[46.304,-32.445],[35.397,-51.821],[26.067,-125.625],[4.083,-28.645],[1.402,-14.218],[1.157,-2.417]],"o":[[0.845,-46.727],[10.58,-66.442],[42.826,-126.143],[46.334,-34.39],[43.12,-11.854],[24.373,19.956],[-2.289,31.749],[-29.385,15.328],[-12.768,-7.866],[-2.123,-5.158],[-0.523,-2.961],[4.361,-3.633],[1.653,5.903],[6.628,12.236],[29.315,12.237],[20.072,-17.778],[-14.984,-25.484],[-13.016,-0.547],[0.472,-0.115],[-55.057,12.77],[-51.548,36.12],[-72.81,106.596],[-5.879,28.33],[-2.016,14.144],[-0.261,2.646],[-0.998,2.085]],"v":[[-303.413,375.594],[-289.542,235.8],[-242.036,39.696],[-20.93,-289.78],[132.375,-364.556],[263.245,-342.108],[301.112,-259.621],[251.908,-190.096],[155.557,-189.047],[126.978,-222.577],[122.371,-238.636],[121.359,-255.378],[126.727,-248.461],[133.599,-231.393],[163.442,-203.715],[249.537,-222.831],[258.118,-290.714],[185.052,-328.401],[146.624,-325.111],[148.051,-325.401],[-6.219,-257.232],[-136.148,-122.288],[-278.223,236.38],[-293.18,321.888],[-298.388,364.432],[-299.279,374.325]],"c":true},"ix":2},"nm":"Path 1","mn":"ADBE Vector Shape - Group","hd":false},{"ty":"fl","c":{"a":0,"k":[0.5411764705882353,0.6588235294117647,0.6,1],"ix":4},"o":{"a":0,"k":100,"ix":5},"r":1,"bm":0,"nm":"Fill 1","mn":"ADBE Vector Graphic - Fill","hd":false},{"ty":"tr","p":{"a":0,"k":[-1.039,2.663],"ix":2},"a":{"a":0,"k":[-1.039,2.663],"ix":1},"s":{"a":0,"k":[100,100],"ix":3},"r":{"a":0,"k":0,"ix":6},"o":{"a":0,"k":100,"ix":7},"sk":{"a":0,"k":0,"ix":4},"sa":{"a":0,"k":0,"ix":5},"nm":"Transform"}],"nm":"Group 1","np":2,"cix":2,"bm":0,"ix":1,"mn":"ADBE Vector Group","hd":false},{"ty":"tm","s":{"a":1,"k":[{"i":{"x":[0.1],"y":[1]},"o":{"x":[0.333],"y":[0]},"t":0,"s":[49.65]},{"t":65.0654296875,"s":[0]}],"ix":1},"e":{"a":1,"k":[{"i":{"x":[0.1],"y":[1]},"o":{"x":[0.333],"y":[0]},"t":0,"s":[49.65]},{"t":65.0654296875,"s":[100]}],"ix":2},"o":{"a":0,"k":12,"ix":3},"m":2,"ix":2,"nm":"Trim Paths 1","mn":"ADBE Vector Filter - Trim","hd":false}],"ip":0,"op":150.15015015015,"st":0,"bm":0},{"ddd":0,"ind":18,"ty":4,"nm":"Shape Layer 14","sr":1,"ks":{"o":{"a":0,"k":100,"ix":11},"r":{"a":0,"k":0,"ix":10},"p":{"a":0,"k":[324.907,143.59,0],"ix":2,"l":2},"a":{"a":0,"k":[636.341,0.359,0],"ix":1,"l":2},"s":{"a":0,"k":[-7.426,7.426,100],"ix":6,"l":2}},"ao":0,"shapes":[{"ty":"gr","it":[{"ind":0,"ty":"sh","ix":1,"ks":{"a":0,"k":{"i":[[13.518,-2.463],[-196.715,154.993],[-227.19,-190.235],[231.704,-190.157],[61.988,220.198],[-47.51,50.073],[3.006,-147.181],[2.349,-0.08],[57.768,-86.765],[-18.407,-46.825],[-125.872,88.963],[188.524,160.834],[209.709,-152.504],[56.44,-114.693],[12.7,-69.067]],"o":[[-5.363,-250.081],[223.227,-175.883],[210.381,176.16],[-160.274,131.535],[-18.273,-64.91],[79.768,-84.071],[-2.349,0.08],[-14.6,-123.026],[-28.092,42.193],[60.216,153.179],[223.249,-157.786],[-207.31,-176.86],[-103.454,75.233],[-30.991,62.978],[-3.783,20.572]],"v":[[-682.042,341.757],[-375.664,-303.106],[407.431,-326.079],[455.701,384.779],[-36.41,264.334],[2.679,73.526],[262.968,134.459],[255.921,134.698],[28.134,110.074],[19.199,254.888],[389.188,343.449],[367.485,-290.358],[-352.757,-280.249],[-597.257,11.342],[-663.645,210.486]],"c":true},"ix":2},"nm":"Path 1","mn":"ADBE Vector Shape - Group","hd":false},{"ty":"fl","c":{"a":0,"k":[0.5411764705882353,0.6588235294117647,0.6,1],"ix":4},"o":{"a":0,"k":100,"ix":5},"r":1,"bm":0,"nm":"Fill 1","mn":"ADBE Vector Graphic - Fill","hd":false},{"ty":"tr","p":{"a":0,"k":[-40.987,4.927],"ix":2},"a":{"a":0,"k":[-40.987,4.927],"ix":1},"s":{"a":0,"k":[100,100],"ix":3},"r":{"a":0,"k":0,"ix":6},"o":{"a":0,"k":100,"ix":7},"sk":{"a":0,"k":0,"ix":4},"sa":{"a":0,"k":0,"ix":5},"nm":"Transform"}],"nm":"Group 1","np":2,"cix":2,"bm":0,"ix":1,"mn":"ADBE Vector Group","hd":false},{"ty":"tm","s":{"a":1,"k":[{"i":{"x":[0.1],"y":[1]},"o":{"x":[0.333],"y":[0]},"t":0,"s":[50]},{"t":65.0654296875,"s":[0]}],"ix":1},"e":{"a":1,"k":[{"i":{"x":[0.1],"y":[1]},"o":{"x":[0.333],"y":[0]},"t":0,"s":[50]},{"t":65.0654296875,"s":[100]}],"ix":2},"o":{"a":0,"k":8,"ix":3},"m":2,"ix":2,"nm":"Trim Paths 1","mn":"ADBE Vector Filter - Trim","hd":false}],"ip":0,"op":150.15015015015,"st":0,"bm":0},{"ddd":0,"ind":19,"ty":4,"nm":"Shape Layer 4","sr":1,"ks":{"o":{"a":0,"k":100,"ix":11},"r":{"a":0,"k":203.875,"ix":10},"p":{"a":0,"k":[486.94,171.623,0],"ix":2,"l":2},"a":{"a":0,"k":[5.39,-45.937,0],"ix":1,"l":2},"s":{"a":1,"k":[{"i":{"x":[0.833,0.833,0.833],"y":[0.833,0.833,0.833]},"o":{"x":[0.167,0.167,0.167],"y":[0.167,0.167,0.167]},"t":25.025,"s":[0,0,100]},{"t":32.031860962525,"s":[-14.628,14.628,100]}],"ix":6,"x":"var $bm_rt;\nvar n, n, t, t, v, amp, freq, decay;\n$bm_rt = n = 0;\nif (numKeys > 0) {\n    $bm_rt = n = nearestKey(time).index;\n    if (key(n).time > time) {\n        n--;\n    }\n}\nif (n == 0) {\n    $bm_rt = t = 0;\n} else {\n    $bm_rt = t = $bm_sub(time, key(n).time);\n}\nif (n > 0) {\n    v = velocityAtTime($bm_sub(key(n).time, $bm_div(thisComp.frameDuration, 10)));\n    amp = 0.06;\n    freq = 1;\n    decay = 5;\n    $bm_rt = $bm_sum(value, $bm_div($bm_mul($bm_mul(v, amp), Math.sin($bm_mul($bm_mul($bm_mul(freq, t), 2), Math.PI))), Math.exp($bm_mul(decay, t))));\n} else {\n    $bm_rt = value;\n}","l":2}},"ao":0,"shapes":[{"ind":0,"ty":"sh","ix":1,"ks":{"a":0,"k":{"i":[[-19.136,1.441],[0.921,2.777],[9.757,-31.407],[-30.911,3.377],[21.365,17.376],[-24.252,-18.409],[-8.758,17.503],[-24.328,1.832]],"o":[[3.368,-0.254],[-31.833,0.701],[-8.255,26.571],[22.816,-2.493],[-24.235,-19.711],[-24.076,-4.742],[11.226,-22.435],[0.667,-0.05]],"v":[[36.911,-48.714],[38.07,-57.468],[-36.796,-4.345],[3.886,54.09],[23.686,8.229],[-6.948,43.571],[-23.78,-11.402],[36.911,-48.714]],"c":true},"ix":2},"nm":"Path 1","mn":"ADBE Vector Shape - Group","hd":false},{"ty":"fl","c":{"a":0,"k":[0.5411764705882353,0.6588235294117647,0.6,1],"ix":4},"o":{"a":0,"k":100,"ix":5},"r":1,"bm":0,"nm":"Fill 1","mn":"ADBE Vector Graphic - Fill","hd":false}],"ip":25.025025025025,"op":150.15015015015,"st":25.025025025025,"bm":0},{"ddd":0,"ind":20,"ty":4,"nm":"Shape Layer 6","sr":1,"ks":{"o":{"a":0,"k":100,"ix":11},"r":{"a":0,"k":137.003,"ix":10},"p":{"a":0,"k":[427.842,128.931,0],"ix":2,"l":2},"a":{"a":0,"k":[466.478,-211.01,0],"ix":1,"l":2},"s":{"a":0,"k":[2.778,2.778,100],"ix":6,"l":2}},"ao":0,"shapes":[{"ty":"gr","it":[{"ind":0,"ty":"sh","ix":1,"ks":{"a":0,"k":{"i":[[-5.149,3.47],[48.845,-46.105],[63.52,-40.507],[66.412,-23.088],[74.026,-2.22],[54.346,43.08],[4.648,4.583],[-63.394,6.386],[-67.29,24.816],[-56.12,32.137],[-58.538,43.264],[-55.913,39.842]],"o":[[-44.517,50.227],[-54.762,51.69],[-59.206,37.756],[-69.796,24.264],[-67.028,2.01],[-5.119,-4.058],[56.22,32.796],[71.462,-7.198],[60.703,-22.386],[63.189,-36.186],[55.214,-40.807],[5.057,-3.604]],"v":[[466.478,-211.51],[328.19,-65.513],[150.676,73.954],[-38.213,167.315],[-255.009,209.499],[-451.938,159.909],[-466.478,146.868],[-280.089,176.649],[-70.661,126.417],[104.628,43.675],[286.864,-76.594],[451.155,-200.927]],"c":true},"ix":2},"nm":"Path 1","mn":"ADBE Vector Shape - Group","hd":false},{"ty":"fl","c":{"a":0,"k":[0.5411764705882353,0.6588235294117647,0.6,1],"ix":4},"o":{"a":0,"k":100,"ix":5},"r":1,"bm":0,"nm":"Fill 1","mn":"ADBE Vector Graphic - Fill","hd":false},{"ty":"tr","p":{"a":0,"k":[0,-0.87],"ix":2},"a":{"a":0,"k":[0,-0.87],"ix":1},"s":{"a":0,"k":[100,100],"ix":3},"r":{"a":0,"k":0,"ix":6},"o":{"a":0,"k":100,"ix":7},"sk":{"a":0,"k":0,"ix":4},"sa":{"a":0,"k":0,"ix":5},"nm":"Transform"}],"nm":"Group 1","np":2,"cix":2,"bm":0,"ix":1,"mn":"ADBE Vector Group","hd":false},{"ty":"tm","s":{"a":1,"k":[{"i":{"x":[0.1],"y":[1]},"o":{"x":[0.333],"y":[0]},"t":14.014,"s":[49.65]},{"t":42.042358765015,"s":[0]}],"ix":1},"e":{"a":1,"k":[{"i":{"x":[0.1],"y":[1]},"o":{"x":[0.333],"y":[0]},"t":14.014,"s":[49.65]},{"t":42.042358765015,"s":[100]}],"ix":2},"o":{"a":0,"k":0,"ix":3},"m":1,"ix":2,"nm":"Trim Paths 1","mn":"ADBE Vector Filter - Trim","hd":false}],"ip":14.014014014014,"op":150.15015015015,"st":15.015015015015,"bm":0},{"ddd":0,"ind":21,"ty":4,"nm":"Shape Layer 5","sr":1,"ks":{"o":{"a":0,"k":100,"ix":11},"r":{"a":0,"k":0,"ix":10},"p":{"a":0,"k":[496.92,123.279,0],"ix":2,"l":2},"a":{"a":0,"k":[636.341,0.359,0],"ix":1,"l":2},"s":{"a":0,"k":[7.426,7.426,100],"ix":6,"l":2}},"ao":0,"shapes":[{"ty":"gr","it":[{"ind":0,"ty":"sh","ix":1,"ks":{"a":0,"k":{"i":[[3.366,0.151],[-7.342,46.106],[-21.641,63.742],[-108.595,80.601],[-55.552,15.271],[-35.622,-29.167],[2.301,-31.907],[27.458,-14.323],[29.144,17.955],[5.713,13.877],[0.969,5.491],[-2.19,1.824],[-0.545,-1.945],[-2.921,-5.393],[-12.913,-5.39],[-22.834,20.224],[13.245,22.525],[28.302,1.19],[12.806,-2.017],[-0.479,0.079],[46.304,-32.445],[35.397,-51.821],[26.067,-125.625],[4.083,-28.645],[1.402,-14.218],[1.157,-2.417]],"o":[[0.845,-46.727],[10.58,-66.442],[42.826,-126.143],[46.334,-34.39],[43.12,-11.854],[24.373,19.956],[-2.289,31.749],[-29.385,15.328],[-12.768,-7.866],[-2.123,-5.158],[-0.523,-2.961],[4.361,-3.633],[1.653,5.903],[6.628,12.236],[29.315,12.237],[20.072,-17.778],[-14.984,-25.484],[-13.016,-0.547],[0.472,-0.115],[-55.057,12.77],[-51.548,36.12],[-72.81,106.596],[-5.879,28.33],[-2.016,14.144],[-0.261,2.646],[-0.998,2.085]],"v":[[-303.413,375.594],[-289.542,235.8],[-242.036,39.696],[-20.93,-289.78],[132.375,-364.556],[263.245,-342.108],[301.112,-259.621],[251.908,-190.096],[155.557,-189.047],[126.978,-222.577],[122.371,-238.636],[121.359,-255.378],[126.727,-248.461],[133.599,-231.393],[163.442,-203.715],[249.537,-222.831],[258.118,-290.714],[185.052,-328.401],[146.624,-325.111],[148.051,-325.401],[-6.219,-257.232],[-136.148,-122.288],[-278.223,236.38],[-293.18,321.888],[-298.388,364.432],[-299.279,374.325]],"c":true},"ix":2},"nm":"Path 1","mn":"ADBE Vector Shape - Group","hd":false},{"ty":"fl","c":{"a":0,"k":[0.5411764705882353,0.6588235294117647,0.6,1],"ix":4},"o":{"a":0,"k":100,"ix":5},"r":1,"bm":0,"nm":"Fill 1","mn":"ADBE Vector Graphic - Fill","hd":false},{"ty":"tr","p":{"a":0,"k":[-1.039,2.663],"ix":2},"a":{"a":0,"k":[-1.039,2.663],"ix":1},"s":{"a":0,"k":[100,100],"ix":3},"r":{"a":0,"k":0,"ix":6},"o":{"a":0,"k":100,"ix":7},"sk":{"a":0,"k":0,"ix":4},"sa":{"a":0,"k":0,"ix":5},"nm":"Transform"}],"nm":"Group 1","np":2,"cix":2,"bm":0,"ix":1,"mn":"ADBE Vector Group","hd":false},{"ty":"tm","s":{"a":1,"k":[{"i":{"x":[0.1],"y":[1]},"o":{"x":[0.333],"y":[0]},"t":0,"s":[49.65]},{"t":65.0654296875,"s":[0]}],"ix":1},"e":{"a":1,"k":[{"i":{"x":[0.1],"y":[1]},"o":{"x":[0.333],"y":[0]},"t":0,"s":[49.65]},{"t":65.0654296875,"s":[100]}],"ix":2},"o":{"a":0,"k":12,"ix":3},"m":2,"ix":2,"nm":"Trim Paths 1","mn":"ADBE Vector Filter - Trim","hd":false}],"ip":0,"op":150.15015015015,"st":0,"bm":0},{"ddd":0,"ind":22,"ty":4,"nm":"Shape Layer 2","sr":1,"ks":{"o":{"a":0,"k":100,"ix":11},"r":{"a":0,"k":0,"ix":10},"p":{"a":0,"k":[525.093,143.59,0],"ix":2,"l":2},"a":{"a":0,"k":[636.341,0.359,0],"ix":1,"l":2},"s":{"a":0,"k":[7.426,7.426,100],"ix":6,"l":2}},"ao":0,"shapes":[{"ty":"gr","it":[{"ind":0,"ty":"sh","ix":1,"ks":{"a":0,"k":{"i":[[13.518,-2.463],[-196.715,154.993],[-227.19,-190.235],[231.704,-190.157],[61.988,220.198],[-47.51,50.073],[3.006,-147.181],[2.349,-0.08],[57.768,-86.765],[-18.407,-46.825],[-125.872,88.963],[188.524,160.834],[209.709,-152.504],[56.44,-114.693],[12.7,-69.067]],"o":[[-5.363,-250.081],[223.227,-175.883],[210.381,176.16],[-160.274,131.535],[-18.273,-64.91],[79.768,-84.071],[-2.349,0.08],[-14.6,-123.026],[-28.092,42.193],[60.216,153.179],[223.249,-157.786],[-207.31,-176.86],[-103.454,75.233],[-30.991,62.978],[-3.783,20.572]],"v":[[-682.042,341.757],[-375.664,-303.106],[407.431,-326.079],[455.701,384.779],[-36.41,264.334],[2.679,73.526],[262.968,134.459],[255.921,134.698],[28.134,110.074],[19.199,254.888],[389.188,343.449],[367.485,-290.358],[-352.757,-280.249],[-597.257,11.342],[-663.645,210.486]],"c":true},"ix":2},"nm":"Path 1","mn":"ADBE Vector Shape - Group","hd":false},{"ty":"fl","c":{"a":0,"k":[0.5411764705882353,0.6588235294117647,0.6,1],"ix":4},"o":{"a":0,"k":100,"ix":5},"r":1,"bm":0,"nm":"Fill 1","mn":"ADBE Vector Graphic - Fill","hd":false},{"ty":"tr","p":{"a":0,"k":[-40.987,4.927],"ix":2},"a":{"a":0,"k":[-40.987,4.927],"ix":1},"s":{"a":0,"k":[100,100],"ix":3},"r":{"a":0,"k":0,"ix":6},"o":{"a":0,"k":100,"ix":7},"sk":{"a":0,"k":0,"ix":4},"sa":{"a":0,"k":0,"ix":5},"nm":"Transform"}],"nm":"Group 1","np":2,"cix":2,"bm":0,"ix":1,"mn":"ADBE Vector Group","hd":false},{"ty":"tm","s":{"a":1,"k":[{"i":{"x":[0.1],"y":[1]},"o":{"x":[0.333],"y":[0]},"t":0,"s":[50]},{"t":65.0654296875,"s":[0]}],"ix":1},"e":{"a":1,"k":[{"i":{"x":[0.1],"y":[1]},"o":{"x":[0.333],"y":[0]},"t":0,"s":[50]},{"t":65.0654296875,"s":[100]}],"ix":2},"o":{"a":0,"k":8,"ix":3},"m":2,"ix":2,"nm":"Trim Paths 1","mn":"ADBE Vector Filter - Trim","hd":false}],"ip":0,"op":150.15015015015,"st":0,"bm":0}],"markers":[]}